,community
a양,0
양형,0
집행유예,0
고려대,0
시위대,0
사업자,0
피고인들,0
피고인,0
중학생,0
정재희,0
전남,0
저수지,0
재판부,0
장애인,0
이수,0
의붓딸,0
취업제한,0
유씨,0
구속기소,0
음료수,0
광주,0
경찰서,0
다음날,0
무기징역,0
무안군,0
광주지법,0
복지시설,0
부장판사,0
사체유기,0
성범죄,0
성폭력,0
수면제,0
승용차,0
정확,1
병원,1
송치,1
상대,1
위반,1
신고,1
발생,1
직원,1
국회,1
결과,1
소속,1
고등학교,1
과학실,1
살균제,1
소방당국,1
수원,1
신고가,1
현장,1
남성,1
일본,1
경위,1
부산,1
직원들,1
경남,1
온라인,1
불구속,1
해외여행,1
충남,1
학생들,1
수원시,1
여의도,1
피해,1
하기비스,1
홈페이지,1
학교,1
지역,1
조사,1
수차례,1
검거,1
우리나라,1
여성,1
영통구,1
구조대,1
인천,1
혐의,1
운전자,1
운동장,1
도쿄,1
사람들,1
출입문,1
이송,1
공동,1
기상청,1
교사,1
기획재정위원회,1
주민들,1
물질,1
취업준비생,1
치료,1
전북,1
혈중알코올농도,1
제지,1
본관,1
제주,1
성폭행,2
연쇄살인,2
용의자,2
신빙성,2
수사본부,2
증거물,2
청주,2
안녕리,2
익산,2
이씨,2
국과수,2
경기도,2
연구원,2
옥살이,2
부여,2
변호사,2
경찰관,2
dna,2
경찰청,2
화성시,2
화성사건,2
화성,2
태안읍,2
충북,2
이듬해,2
경기남,2
이춘재,2
원주,3
수사단,3
재검토,3
황교안,3
면담보고서,3
과거사,3
강원도,3
강원,3
충분히,3
법제사법위원회,3
방송인,3
채동욱,3
조사단,3
성접대,3
대법원장,3
대표가,3
검찰청,3
휴대전화,3
총장,3
지검장,3
인사검증,3
위원장,3
수사단장,3
수사기록,3
박지원,3
바른미래당,3
민정수석,3
대구고검,3
과거사위,3
고소장,3
한겨레신문,3
제대로,3
전화번호부,3
재조사,3
윤중천씨,3
특수부,3
김명수,3
보고서,3
윤석열,3
입장문,3
자유한국당,3
진상조사단,3
청와대,3
페이스북,3
한겨레,3
한국당,3
더불어민주당,3
kist,3
검찰개혁,3
관세청,3
대구,3
민정수석실,3
민주당,3
부산대,3
이인영,3
윤중천,3
위원회,3
대검찰청,3
명예훼손,3
무소속,3
문재인,3
박근혜,3
법무부,3
법무장관,3
보도,3
윤씨,3
사법농단,3
사실관계,3
대한민국,3
사실무근,3
대변인실,3
대법원,3
여환섭,3
원내대표,3
사법부,3
의원들,3
허위사실,3
압수수색,3
기자들,3
김학의,3
검찰,3
건설업자,3
법조계,3
나경원,3
국정감사,3
국민들,3
재수사,3
검찰총장,3
구속영장,4
알릴레오,4
광화문,4
서울중앙지법,4
서울대,4
사실상,4
웅동학원,4
증명서,4
유시민,4
구치소,4
사모펀드,4
버닝썬,4
보도본부,4
변호인,4
법조팀,4
kbs,4
방송,4
경영진,4
kt,4
유튜브,4
황창규,4
경북,4
녹취록,4
고발장,4
공무원,4
배우자,4
노무현재단,4
서울중앙지검,4
시민단체,4
김경록,4
한국투자증권,4
업무상,4
특별취재팀,4
표창장,4
동양대,4
이사장,4
최고위원,4
증거인멸,4
조씨,4
정씨,4
정경심,4
항소심,4
정치권,4
아이들,5
연세대,5
박정희,5
교육부,5
그동안,5
철도노조,5
미국,5
노동자,5
노동자들,5
인건비,5
대체인력,5
대규모,5
총파업,5
공공기관,5
정규직화,5
전국철도노동조합,5
운행률,5
외국인,5
코레일,5
시민들,5
손병석,5
세종시,5
서울지하철,5
새마을호,5
민주노총,5
무궁화호,5
수도권,5
아프리카,5
화물열차,5
ktx,5
사측,5
시간date,5
최소화,5
노동조합,5
한국,5
청소년들,5
감사원,5
전문가,5
강남구,5
전문가들,5
서울시,5
서울교통공사,5
정규직,5
비정규직,5
만큼,5
준법투쟁,5
